Nickname,Title,Play Hours,Profile Link,Comment,Date,Language
A1SOR,1,77.5,https://steamcommunity.com/id/ALSOR/,"I knocked out all Achivka and thesis I tell about Space Marine 2

The irony is that I hate to knock out acerification, platinum and that's all.Only in exceptional cases when the gameplay is too much like.Usually I just go through the game and do not even open a list of available achievements.

But in this case, something went wrong.From the game I just did not want to come off.Well, I decided that since I was dependent in it, why not knock out everything that is in it.Happiness is that all that you need to do is just play.Exceptions are several academicians to collect audiologists and ""kill something while it does something there.""But there are few of them, so there was no need to be distracted from the zarub.

Well, after this, I want to briefly summarize my expirence.


The first thing that catches the eye when starting the game is the picture.In particular - qualitatively worked out backs and environment.Technologically, the game does not offer something supernatural.What can not be said about magnificent architecture and interiors, about brutal battles occurring against the background and about close attention to details.The artists tried perfectly, because all this sets the necessary mood.


Namely, the mood for the ongoing action, where a spectacular slasher with a simple combo system and a good third-person shooter, makes a SM2 combat system in some way, are made in equal proportions.









Levels in PVE and in the campaign cannot boast of complexity and branching.However, this never had great importance to me in the games of this genre.The most important thing is that LVV-design play the hands of the main systems and does not interfere with the game to be a fan.So it works in SM2.The maximum where you can turn from the main road is for audio loses, but for a couple of ammunition boxes and temporary improvements for armor.Otherwise, the game does not interfere with the most important - endless meat grinder.And this is great.


For my happiness, I went through the game in a duo-coope.And this game works perfectly in this mode.The bots in the game are incredibly stupid and all that they are capable of is to raise a fallen Timmate.And then not always.From the point of view of their combat effectiveness and benefit in the implementation of joint tasks, everything is bad here.So my advice is to you-play with at least one friend, and ideally in a full-style.

Incredibly primitive, laughter, pathos and if you are not a fan of the universe, then this will probably be the weakest aspect for you.However, to say that he was completely failed - I also canâ€™t: the game is trying to intrigue, the development of characters and even try to surprise with Cliffhanger, who will be understandable only to those who played in the first part.In general, the plot here is a pure function, which is a justification for an ongoing meat grinder.

Separately, I want to highlight the solution of developers to make a narrative to tie the main plot and PVE operation.While Titus is dealing with the most important things, somewhere in the background other guys decide something secondary, which helps the main team.It turns out an interesting interweaving.At the same time, no one forbids to go through the PVE mission, and then the plot.To some extent, this may even affect the perception of the main story.",2024/11/28,ru
LukeleyDuke,1,103.9,https://steamcommunity.com/id/lukeleduke/,"Bruh. This game is one of the Greatest to have come out in 2024, if they had the marketing budget of blackops, is would blow it out of the water. The thing is, it's not even a first person shooter, but it puts all the new COD garbage to shame. Buy it now.

PURGE THE HERETIC
BURN THE UNCLEAN
CULL THE XENOS",2024/11/23,en
Templestoner,1,78.7,https://steamcommunity.com/id/Templestoner/,"Few are in the know, but Friren from the notorious anime, pronouncing the very phrase â€œyou can give such a thing to men and they will be delightedâ€, meant precisely the copy of â€œWarhammer 40000: Space Marine 2â€.And only then the creators decided to drink some potion to the said.

This game is an excellent story, as a group of fighters in the 2nd group of the 3rd group with PTSD, suspicious paranoid with carefully hidden high self -esteem, and experienced warriors with developed immunity to mental influences overcome mutual misunderstanding in personal communication, the consequences of short -sighted decisions of the command and difficulties of the combatSlave against the backdrop of an ongoing massacre and chaos in various combat conditions.And they will succeed.)",2024/12/2,ru
EMOJI QUEEN,1,101.5,https://steamcommunity.com/profiles/76561198350008392/,"I still give it many nominations.Although the balance of the game and the server should be chaotic in the production team, in the context of the frequent emergence of the abstract Mo Ren today, this pure plasma splashing, clear love and hate, and the martyr's sudden works are all all kinds of works.TMD can be regarded as a clear stream.",2024/11/28,zh-cn
Morningstar,1,8.5,https://steamcommunity.com/profiles/76561198116794381/,"GOTY

YouTubeâ„¢ Video: GosT - ""Behemoth (Perturbator remix)"" [Official - 2015]",2024/11/14,en
Michael,1,10.4,https://steamcommunity.com/profiles/76561198134146269/,"Product Received for Free

Introduction

Captain Titus, as a punishment for the ""death guard"", returns to regular service.You slip into the role of Lieutenant Titus, the empire needs you, the tyrannies and a much more powerful enemy threaten humanity.You fight yourself through true hordes of opponents and also have to justify yourself for your past.

Gameplay

Warhammer 40k Space Marine 2 divides into three areas.As a loyal soldier of the empire, of course, you first face the unfortunately too short story.In individual missions you can improve your class and equipment.The classic PvP mode then throws you in the fight for the title of the deadliest Space Marine.

I don't want to tell anything about the story itself.I definitely want to write two things.The story is told in action -packed scenes and in German.Unfortunately, unfortunately, she is told far too quickly.In general, graphics and sound leave a very good impression in the game.

In story mode you fight in a three man squad against true opponents.The NPC Marines do a good job, they know the way, but you can't really get lost, and lead one or two revival if Titus jumped into a group of opponents too quickly.The NPC Marines can also be replaced or configured by real players.The weapons can be adapted before each mission, but there are enough weapons and ammunition between the entire corpse.There is a change here and there, but you can tell that.

In addition to the story mode, individual missions can be played.Here you can choose from different classes and then equip them with suitable weapons.However, no NPCs are intended here, you need human comrades for fighting.If you start a mission alone, the game assigns you human team members and the slaughter can begin.

The PvP mode is exactly what it sounds.As the real soldier of the imperator, however, I do not fight against my own comrades!


Unfortunately I have to open a very dark chapter here.At times I was so far to write a negative review and not recommended Warhammer 40k Space Marine 2.Anyone who has read so far knows that the story is very important to me, just stupid that game has crashed in almost every sequence.So the game had to be restarted and played again to this point in order to be able to skip the sequence that was then re -established.

The fact that the lumbar churse and even the metal lock on the arm of Titus in the elevator, which is very, very slowly moved, is thrown upwards is of course only a little thing against the crashes.But I thought it was funny, so I didn't want to leave it unmentioned.



Top story told
Endless
Many different weapons
good German voice output
great graphic


Regular crashes of the intermediate sequences
Much too short story






A well told story with very good graphics and a top sound including a coherent German voice output.The battle around the universe cannot be managed better.But stop!Of course, it would be even better without the crashes.I tested the game on two computers and with several graphics cards, unfortunately without success.I still recommend the game and will write here whether the problem is fixed.",2024/11/18,de
Hodie,1,12.2,https://steamcommunity.com/id/Hodie/,"My teenage son loves it, but I advise him not to tell his mother about it.",2024/11/29,en
point & click,1,86.8,https://steamcommunity.com/id/clicksclicks/,"Slaughtering 41,000 enemies was glorious. Magazine out, magazine in. Wonderful campaign and Operations are a nice continuation. My only complaint is with Operations. If you're playing with a bot and all humans go down, the game ends. I wish we could see if the bot manages to stay alive while our countdown runs out and then we can get back into the game. Exploiting the Bulwark HP regen was awesome while it lasted. Leveling weapons and classes was super easy, and always being able to find randoms for any mission you want to play was nice too. I've been playing since pre-release and haven't had any issues with any of the updates. Ready your Bolters. Lictor these nuts.",2024/11/20,en
Carnival.Corpse,1,124.5,https://steamcommunity.com/id/carnival_corpse/,"The Emperor has provided us with everything we wanted, brothers. Enjoyable story campaign with great visuals, even better PVE operations & fun PVP - very rarely you'll get to experience the whole package in a single game in today's time. And it's executed quite brilliantly as well.

I just wish they could make the gameplay of the campaign as varied & customizable as the Operations mode. Ops are just thousands times more fun. They had the system implemented already, but didn't do it for the campaign. At least, community mods have this covered. And glad to see the devs supporting mods officially as well.

Also, we need FOV slider badly. Ultrawide 21:9 support is at least serviceable, but 32:9 support is a complete whack.",2024/11/30,en
Ð‘Ð°Ð»ÑŒÐ¼ÑƒÐ½Ð³,1,48.9,https://steamcommunity.com/id/Dm_Balion/,"Great action-player and one of the best games in Wahe 40K since the time of Dawn of War.Epico, beautiful, juicy fighting and sound.Attention to details and surrounding species - my respect and merciless operation of the Screenshot button)
A separate buzz gives the opportunity to use adaptive triggers on a PC-the bolter rummages in his hands, and the sword makes wig-yzh!
For the emperor, brothers!",2024/11/30,ru
flliper,1,8.9,https://steamcommunity.com/id/flliper/,"The good old spino -button shooter with repeating levels.Shooting at Duagsensa is done cool.The game itself is a copy of the first part (so play the first one, you wonâ€™t lose anything. Just a good graphon and wretched cats in the middle of the game.",2024/11/16,ru
yigitburakyuksel,1,20.2,https://steamcommunity.com/profiles/76561199787917021/,We are the soldiers of an empire who is proud to be a company in the game and play this game like a pride for me,2024/11/13,tr
ðŸ’¥SPONGEðŸ’¥ (>N<),1,109.7,https://steamcommunity.com/id/nadespam/,"38hrs in and probably less than 5% of the solo challenges completed, haven't even tried PVP yet. Love this game so far, skill development, character customisation, weapon progressions and most of all the community, a bunch of helpful, chilled players.",2024/11/22,en
NUNO,1,50,https://steamcommunity.com/profiles/76561198416193889/,"Without sealing = Goty.

My Honor is My Life.",2024/11/28,en
Archy,1,266,https://steamcommunity.com/id/archy18/,"An absolutely brilliant game, that really encapsulates the feeling of the bulk of a Space Marine. You get the feeling of sense and bulk, which is not always present in depictions of Space Marines.

While there were initially issues with PvE missions not starting, these were fixed quickly. Gameplay, visual design and sound design are all great. A worthy successor to Space Marine I, and definitely my pick for GOTY.",2024/11/30,en
l33tn3ss_17,1,16.7,https://steamcommunity.com/id/l33tn3ss17/,"Space Marine 2 is a must-buy game that harkens back to the politics-free heyday of gaming. It is like taking a time machine back to the 2010s and going through all those beautifully made games during that era. It also shows how far AAA gaming has fallen. All publishers and development teams should take note and do better, focusing primarily on player experience over 'sending the message' and monetization. Saber Interactive should be very proud of what they have made.

If, like me, you are disappointed with the needless disrespect towards canon and established lore by Games Workshop lately, then you need not fear Space Marine 2. Space Marine 2 follows the story of Captain Titus in a way that respects what has been and does not cater to the tourists and nu-Warhammer fans destroying the hobby currently. Any true Warhammer fans can buy Space Marine 2 guilt-free.

The single-player campaign is long enough to provide a story that ties into the Era Indomitus and the previous story of the first Space Marine game. Playing it solo can be challenging, especially on higher difficulties, but I found it to be well worth playing and had very few issues with it even though I finished it on early patches.

Playing Operations solo is also likewise a very meaningful experience that you cannot replicate elsewhere. I am ecstatic that Saber Interactive is continuing to develop more missions for this mode. The mission where you kill the Bio-Titan is my new favourite. I have had a few drops when I played it, but otherwise, I have not had any major issues.

Multiplayer is fun, but I still think the Bulwark class is overpowered, and some balancing is necessary. It is not a mode I have played a ton, but I can report no major issues.

A huge bonus is that the usual suspects hate Space Marine 2 and its success:



Another bonus is that the CEO of Saber Interactive is incredibly based:



As is some of their dev team:



I give Space Marine 2 a very solid 9/10, only citing some minor technical issues in Operations mode. Space Marine 2 is my game of the year this year on Steam, and I highly encourage anybody to buy it. Whether this is your first or tenth Warhammer game, this is a worthy buy and entry into the grimdark universe of 40k. Well done to Saber Interactive.",2024/11/28,en
â­ Ð‘ÐµÐ»Ñ‹Ð™ ÐÐ½Ð³ÐµÐ› â­,1,68.2,https://steamcommunity.com/id/Djonny123/,"The best game I played in 24, I advise everyone.
Nomination.",2024/11/28,ru
Ghost Star,1,201.7,https://steamcommunity.com/profiles/76561199678713996/,"This was my introduction into the warhammer universe my very first experience with the imperium. After 200hrs 100% completion and countless of the emperors foes fallen..

all that needs to be said....my pledge...is eternal.",2024/11/13,en
Imaro,1,10.1,https://steamcommunity.com/profiles/76561198015097451/,What is your Duty? To serve Emperor's Will. What is Emperor's Will? That we fight and die. What is Death? It is our duty!,2024/11/28,en
ã€ŒTwentyFiveToLifeã€,1,11,https://steamcommunity.com/id/sadamaza034/,"Nomination: ""Game of the Year""",2024/11/28,bg
[TTV]twi_live,1,4.6,https://steamcommunity.com/id/tviwka/,"Great Spice Girls registers.

For Bekestrite Boys!",2024/11/28,ru
Lon,1,116,https://steamcommunity.com/id/TheL0N/,"Warhammer 40k's universe is for essence a set of 'things', and these are: terror, tragedy, brutality, beating, carnage and so on .. (I can understand that the weak has no chance and not time),that make it a unique universe.And these 'things' are a short and thick reminder, 'there is no hope, let alone a guarantee of peace.'

The excellent campaign is a direct continuation of the first game, with a very good plot and well tied with the co-op missions showing from another point the missions led by Titus.
Here the co-op shines bringing a variety of weapons and classes of Space Marines so that we can complete the missions, which can be thrown solo or two friends (with friends is better).
The multi-joker is the extension of the co-op for a brutal PVP with various modes.Game 10/10.

The Dev's of Space Marine 2 are to be congratulated and we have maximum respect, they were literally in the opposite direction of others, who has been trying to push these ""magical ideologies"" humped down throats in the players, and we all know that magic is heretic, and we go out hereThe fire of heresy in the paradise.
Yes, Brothers, for the Emperor!",2024/11/29,pt
Atmoman,1,53,https://steamcommunity.com/id/1321995/,"No, well, I would not want to be a hard worker in such a world.
For me, this is the first direct acquaintance with games in the Universe of the Military Millennium.And I was more than satisfied.
Aesthetics mega epic.Armor shines, blood pours a river.This is a world where war never stops.
Gameplaino is fun, new gameplay mechanics appear in PVV and PVV.
Voice acting buzz, Epic.Victory or death!
The castorization of the paratrooper is cool, though you have to swing ...
In places of kinematics - to goosebumps.

Warhammer 40,000: Space Marine 2


For pumping in PV, there is too much grind, as if this is not an extension, but the main mode of the game.
The motivation of characters in the company is not very clear.What they suspect, what they are accurate, then they do not fake.
It is necessary to pump weapons, download the class, pump another weapon.



Cool squeezers.You can play in the company, you can run to the multiplayer with the atmosphere of public 00X-10x.And most importantly, you can all this with friends.Bliss.",2024/11/15,ru
JEEDKIY,1,74.5,https://steamcommunity.com/id/jeedkiy/,"When I predicted this game during the Nvidia leak, I was called crazy. Now it's been played by millions. Now it will have mods. Emperor bless Saber",2024/11/28,en
Felix,1,100.4,https://steamcommunity.com/profiles/76561198048648257/,"About the great soup welded!
About chic soup welded!
Soup, hot soup!
Eat soup, hot soup!",2024/11/28,ru
Maksim,1,23.7,https://steamcommunity.com/id/60392375/,"Warhammer 40,000: Space Marine 2
A Screenshot of Warhammer 40,000: Space Marine 2
By: Maksim",2024/11/28,en
è•¾ç±³ä¸»äººçš„è¶…ä¹–å°é»ç‹—,1,33,https://steamcommunity.com/id/MendelChaos0/,"To be honest, I am not a hammer in the strict sense, but the experience is still very good after playing this game.Remove the first optimization and blue screen problem, Star Warrior 2 is a very good game that fans play a good game.The plot satisfies the big scene of the big scene and the brotherhood, and can also use the plot with friends.When I play, I only have six pictures when I play, saying that it is not a brushing game, because in the strict sense of brushing, there is only a weapon level. Each picture task is the same. The only variable is the BOSS.EssencePVP has not been evaluated without playing.In general, the current content is still small, and the hammer is brainless. Who doesnâ€™t want to try to be a super canned food
â€”â€” From the small black box user, hello I am a super -evaluation",2024/11/18,zh-cn
Parzival117,1,14.3,https://steamcommunity.com/id/Parz1val_117/,"Wow!I played it in the high difficulty and the whole campaign passes it on the red screen: V and then I passed to the multiplayer of missions related to the campaign pursed that everything would be easier and I saw how my teammates had it on the red screen.

In a nutshell, it was epic!",2024/11/17,es
Artoriaz,1,16.3,https://steamcommunity.com/id/artoriaz13/,Really great game if you want some mindless fun with friends,2024/12/2,en
rain,1,5,https://steamcommunity.com/id/yu-qi/,"PURGE THE HERETIC
BURN THE UNCLEAN
CULL THE XENOS

FOR THE EMPEROR!!",2024/12/1,en
janemirn,1,72.5,https://steamcommunity.com/id/janemirn/,"Product received for free

A game opened a whole new world of co-op shooters. A good game.",2024/11/28,en
Guyver,1,1.9,https://steamcommunity.com/profiles/76561198110663983/,"COME TRAITOR!
COME TO SH00B3RT!
COME AND BAIT!
COME AND DIE!
BUT COME ALL THE SAME!
COME AND MEET THY DOOM, BAITS OF ABOMINATION!
COME AND FEEL THE ANGEL'S WRATH, CURS OF LGBTQIA+.
COME SO SH00B3RT MAY LAY THY HEARTS AT SANGUINUS'S FEET!
THE WALLS OF THE PALACE STAND!
THE SPACE MARINE 2 GATE REMAINS BARRED AND SH00B3RT WILL BREAK THY CROOKED SPINES ACROSS HIS KNEE!
BANNED?!?!?!
INCONCEIVABLE!
SH00B3RT WILL NOT STAND FOR THIS PUPPET FOR FALSE GODS!
RELEASE ME SO THAT I MIGHT WIPE THY STAIN FROM THE FOURMS!
CANCELLING!
YOU DARE!?
SUFFER NOT THE WITCH TO LIVE!
SO SAYS SH00B3RT!!",2024/11/14,en
Hew Maan,1,20.8,https://steamcommunity.com/id/gv1nPin/,"Cool action with a continuation of pathos history, from the minuses a short company.
Basically, the game is imprisoned for pumping cosmetics and wet in PVP/PVE",2024/11/28,ru
mamudrik,1,18.7,https://steamcommunity.com/profiles/76561198987879043/,"That I didn't like it:
There are no large and serious crowds of enemies, such as hordes in WWZ.
There are few interesting videos for a fairly short story company.
There is no sufficient number of beautiful and memorable locations, as in WWZ.
Once there was a restart of the mission from the beginning, due to a non-working script.
But, the game really liked the mechanics and the presence of Russian localization.
Despite the fact that wwz by a couple of points is better than the following game from these children, this
Anyway, a big step forward in my opinion.After passing, a wild desire appeared
return to Darktide again, this means that the developers managed to withstand the right
The atmosphere of the universe.The bosses are good, but I love bosses, especially in a cooperative.By the pace of gameplay, tyranids liked more heretics.Assessment 76 out of 100",2024/11/21,ru
Tank Girl,1,71.8,https://steamcommunity.com/id/Coneja/,"Chainsword goes brrr, bolt goes pew pew, tyranids go splat.
10/10. FOR THE EMPEROR!",2024/11/28,en
seele vollerei,1,13,https://steamcommunity.com/id/seele_veliona/,It is a pity that I spent money (and so beautifully the toy itself flew away from the superior will not let you just admire the beautiful piese and smear! The cockroach is for the glory of the emperor! But do not stand for my money (,2024/11/28,ru
ð”¸ð•ƒð”¼ð•ð•€ð•†ð•Š,1,50.2,https://steamcommunity.com/id/alexios2035/,"Space Marine 2 isn't interested in those futile Guardsmen digging their trenches, it's not interested in showing you the horrors of war (although, come to think of it, Conscript with Kriegsmen would go hard). Neither is Saber Interactiveâ€™s sequel interested in giving you a look at the grand scale of humanity's vast empire 38,000 years from now. This is a power fantasy through and through, so don your power armour, pick up your Thunder Hammer, and purge this world of xenos filth!!!",2024/11/29,en
NetGameTen,1,57.8,https://steamcommunity.com/profiles/76561198067752317/,My face is my shield!,2024/12/1,en
CyanideNOX,1,2.2,https://steamcommunity.com/id/CyanideNOX/,"Product refunded

ðŸ‘",2024/11/28,en
EzMaximuz,1,8.8,https://steamcommunity.com/id/pepemoor/,"I recommend the game if you like the shooter in 3rd person, action to lots, do not expect much from the story since it is very small if we compare it with the Lore de Warhammer.fun is.",2024/11/27,es
Antresoulkin,1,5.6,https://steamcommunity.com/id/Antresoulkin/,"My order brothers taught me not to be shy of our bolter, especially when they are such sizes.",2024/11/28,ru
Alber7,1,1.4,https://steamcommunity.com/id/Alber7/,"Short Review

Such fantastic game. It represent all male fantasies. Worth every penny.",2024/11/28,en
197ÐÐ»ÐµÐºÑÐµÐ¹197,1,35.6,https://steamcommunity.com/profiles/76561198141182940/,"The best game of Waha over the past years, itâ€™s a pity the plot company is too short.Huge advantages for the atmosphere, details, graphone, ENT, a good pathos story of Titus.The price tag of 3200 is too high, three modes in the cartoon that bothers after a couple of evenings and 6 additional missions, too scarce.The progress in the cartoon is a purely cosmetic one, to open a shmot on the Persian, you need to drag 36 victories for each Persian to get a full gear, and progression in the coope of missions is purely diving experience in the same places of 6 options.Hope is only on a roadmap with new content!",2024/11/28,ru
Frostie,1,48.8,https://steamcommunity.com/profiles/76561198053001851/,"Love me emprah.
'Ate chaos.
'Ate xenos. Not racist, I just don't loik 'em.
Love me legion.
Simple as.",2024/11/29,en
BOTxNEKO,1,13.7,https://steamcommunity.com/id/BOTxNEKO/,For the emperor !!!,2024/11/29,en
Attrasser,1,20.9,https://steamcommunity.com/profiles/76561198123436528/,"In darkness, everyone is equal, except for those who are akin to darkness ...",2024/11/28,ru
brutalistu,1,8.3,https://steamcommunity.com/id/brutalistu/,For the Emperor,2024/11/28,en
S^ntory (SAN-tehnik),1,15.4,https://steamcommunity.com/id/SAN-tehnik/,"Great game !!!Well, you can pass the evening of crumbs the teranids)))",2024/11/28,ru
|Triarii SB| Chpl Ð‘ÑÐ›,0,170.8,https://steamcommunity.com/profiles/76561198027162523/,"I was looking forward to this game (pre -order Ultra).
On the day of exit at a time went through the whole company.I got a sea of â€‹â€‹pleasure from it, but there are a lot of ""but"":
1) The connection with the server is lost 10/10 and nothing of the experience for this.(You play solo or with randomes and take out the genos -family, 2 data of the arsenal and there was nothing â€œthere was nothingâ€)
2) Holtura with customization and appearance of Astarstes Ultra.
On the ship you can notice many space marines who are not registered.But all their difference is only in the company's belonging.Armor and scratches on it are all identical.You can see a system of space marines on the deck and their commander faces them.But there are no differences from the usual space marineer.
Castomization of armor is so a completely separate topic becauseIn the first part there was customization of chaosites, there is a maximum of color and change the heraldry.Loyal space marines are a little better, because there is armor, but some types of shoulders, arms and legs, as well as some types of weapons, can differ only in the location of the printing of purity!Brilliantly, I probably had to spend a whole staff of specialists on moving the seal of cleanliness.
3) Bolter weapon.Still not revealed and does not have proper slaughter.The feeling of shooting from the cargana.And not from weapons, the bolts of which, when contacting, also explode, causing additional damage.Also the lack of types of ammunition for bolt weapons.(in the first part there were perks on Kraken bolts)
4) a teaspoon content.A month waited a neopolite pistol ...
5) in total 6 classes, despite the fact that there are apothecies, technologists, etc.",2024/11/14,ru
éª†é©¼æ ·å­,1,5,https://steamcommunity.com/profiles/76561198810329408/,"I need to buy some astringent avatars
Touch the cat and open his mouth, and once a praise!IntersectionIntersection
Bleak
â£¿â£¿â£¿ â£¿â£¿â£¿ â£¿â£¿â£¿ â£¿â£¿â£¿ â£¿â£¿â£¿ â£¿â£¿â£¿
â£¿â£¿â£¿â¡€â£¿â£¿â£¿â£§â¢»â£¿â£¶â£·â£¿â£¿â£¿â£¿â£¿â£¿â ¿â ¶â¡ â£¿â£¿â£¿â¡€â£¿â£¿â£¿â£§â¢»â£¿â£¶â£·â£¿â£¿â£¿â£¿â£¿â£¿â ¿â ¶â¡ â£¿â£¿â£¿â¡€â£¿â£¿â£¿â£§â¢»â£¿â£¶â£·â£¿â£¿â£¿â£¿â£¿â£¿â ¿â ¶â¡ â£¿â£¿â£¿â¡€â£¿â£¿â£¿â£§â¢»â£¿â£¶â£·â£¿â£¿â£¿â£¿â£¿â£¿â ¿â ¶â¡ â£¿â£¿â£¿â¡€â£¿â£¿â£¿â£§â¢»â£¿â£¶â£·â£¿â£¿â£¿â£¿â£¿â£¿â ¿â ¶â¡
Bleak
â£¿â£¿â£¿â£¿â£†â¢©â£â£«â£¾â£¿â£¿â£¿â£¿â¡Ÿâ ¿â ¿â ¦ â£¿â£¿â£¿â£¿â£†â¢©â£â£«â£¾â£¿â£¿â£¿â£¿â¡Ÿâ ¿â ¿â ¦ â£¿â£¿â£¿â£¿â£†â¢©â£â£«â£¾â£¿â£¿â£¿â£¿â¡Ÿâ ¿â ¿â ¦ â£¿â£¿â£¿â£¿â£†â¢©â£â£«â£¾â£¿â£¿â£¿â£¿â¡Ÿâ ¿â ¿â ¦ â£¿â£¿â£¿â£¿â£†â¢©â£â£«â£¾â£¿â£¿â£¿â£¿â¡Ÿâ ¿â ¿â ¦
Bleak
Bleak
Bleak
Bleak
â£¿â£¿â£¿â£¿â Ÿâ£°â£¿â£¿â£¿â£¿â£¿â£¿â£¿â£¿â£¿â£¿â£¿â£¿â£¿â£¿â£¿ â£¿â£¿â£¿â£¿â Ÿâ£°â£¿â£¿â£¿â£¿â£¿â£¿â£¿â£¿â£¿â£¿â£¿â£¿â£¿â£¿â£¿ â£¿â£¿â£¿â£¿â Ÿâ£°â£¿â£¿â£¿â£¿â£¿â£¿â£¿â£¿â£¿â£¿â£¿â£¿â£¿â£¿â£¿ â£¿â£¿â£¿â£¿â Ÿâ£°â£¿â£¿â£¿â£¿â£¿â£¿â£¿â£¿â£¿â£¿â£¿â£¿â£¿â£¿â£¿ â£¿â£¿â£¿â£¿â Ÿâ£°â£¿â£¿â£¿â£¿â£¿â£¿â£¿â£¿â£¿â£¿â£¿â£¿â£¿â£¿â£¿
Bleak
Bleak",2024/11/14,zh-cn
steven,1,56.4,https://steamcommunity.com/id/mgjvgk/,The first or second generations are very good,2024/11/28,en
IoS,1,19.4,https://steamcommunity.com/profiles/76561198196776989/,"Great game, all wah fans are recommended, a normal plot, a good fighting, excellent attention to the details from the developers, thanks)",2024/11/28,ru
Lollipop,1,263.5,https://steamcommunity.com/profiles/76561198110531895/,"Definitely one of the best games of this year!
I expected that he would quickly get tired due to a small amount of so far available cards, but surprisingly the gameplay game is so good that I did not notice how I played 250+ hours and I think this is not the limit.
This product is able to give emotions that, unfortunately, the majority of modern games either cannot give, or are afraid because of the ""agenda"" and the fear of someone to hurt or offend.Space Marine 2 is a third -person shower overwhelmed by pathos and brutality with excellent customization, beautiful and detailed graphics, an attentive attitude to the lorus of the universe and interesting gameplay.
Nothing will replace the first sensation from the murdered xenos with its big n ******* !!!(As a pillar of course, what have you thought out?)
In general, developers promise to support the project and add new cards and weapons.The direction is true, but I would also like more variations of enemies.Over time, I hope that they will come to this.Add conditional necrons or orcs for example.
Well, otherwise:
10 Gachimuchi from 10 !!!

No gay !!!Only hard peasant with*ks !!!!
For the emperor!",2024/11/29,ru
Ð Ð•ÐÐ› Ð¡Ð›Ð˜Ðœ Ð¨Ð•Ð”Ð˜,1,19.9,https://steamcommunity.com/id/CRYPTOgMAN/,â™¥â™¥â™¥â™¥â™¥â™¥â™¥â™¥â™¥â™¥ â™¥â™¥â™¥â™¥â™¥â™¥â™¥â™¥â™¥â™¥â™¥â™¥,2024/11/28,en
Demon,1,17.5,https://steamcommunity.com/profiles/76561198092650153/,"/ Fum ï½€ ãƒ½
/ ãƒŽ) ãƒ½
/ ï½œ (Í¡ Â° ÍœÊ– Í¡ Â°) No âŒ’ (ã‚ ._, ãƒŽ
/ï¾‰ âŒ’7âŒ’ ãƒ½ ãƒ¼ ï¼¼ /
ä¸¶ _ ãƒŽ ãƒŽ ãƒŽ,ï½¡ |//
`ãƒ½` ãƒ¼ --'_ people `ãƒ¼
ä¸¶ ï¿£ _ People 'å½¡",2024/11/28,ja
Boba Fatt,1,192,https://steamcommunity.com/id/SanHolo69/,For the Imperium of Man,2024/11/28,en
SAMURAISHREK,1,65.9,https://steamcommunity.com/profiles/76561198096450213/,Yes,2024/11/28,en
d1az1337,1,2.8,https://steamcommunity.com/id/d1az1337/,"11/10 juicy male ass, I definitely recommend it.For the emperor!",2024/11/28,ru
Niko-kyn,1,9.3,https://steamcommunity.com/profiles/76561198971175673/,"About the great soup welded!
About chic soup welded!
Soup, hot soup!
Eat soup, hot soup!",2024/11/28,ru
QURT,1,15.3,https://steamcommunity.com/id/qurtbala/,"""Do not fail your Brothers. Though their bodies die, their spirit must return to the Chapter. That is your charge"".

Review in support of the Game of the Year on Steam! PLVS VLTRA!",2024/11/28,en
tommydawg0602,0,12.2,https://steamcommunity.com/profiles/76561198354649996/,"The game is good but there is not enough content especially for 60 dollars
I would recommend waiting for some future updated before purchasing but according to the updates they have been putting out for development it appears this is too difficult for them and they plan to focus on making private matches witch should of been something off of release and maybe more operation missions they had 3 at launch woop wooop a total of 3 hours if you drag it out of game play the Champaign is short you can play the whole thing in a few hours.
Very pretty game but that is all it is it sadly doesn't look like it will ever have enough content that makes it worth 60 dollars I have bought games for 15 bucks with more replay ability and more actual design",2024/11/14,en
Valefor,1,45,https://steamcommunity.com/profiles/76561199788018645/,"I need to buy some astringent avatars
Touch the cat and open his mouth, and once a praise!IntersectionIntersectionThe overall is a very fun game, but unfortunately the content is relatively small
Bleak
â£¿â£¿â£¿ â£¿â£¿â£¿ â£¿â£¿â£¿ â£¿â£¿â£¿ â£¿â£¿â£¿ â£¿â£¿â£¿
â£¿â£¿â£¿â¡€â£¿â£¿â£¿â£§â¢»â£¿â£¶â£·â£¿â£¿â£¿â£¿â£¿â£¿â ¿â ¶â¡ â£¿â£¿â£¿â¡€â£¿â£¿â£¿â£§â¢»â£¿â£¶â£·â£¿â£¿â£¿â£¿â£¿â£¿â ¿â ¶â¡ â£¿â£¿â£¿â¡€â£¿â£¿â£¿â£§â¢»â£¿â£¶â£·â£¿â£¿â£¿â£¿â£¿â£¿â ¿â ¶â¡ â£¿â£¿â£¿â¡€â£¿â£¿â£¿â£§â¢»â£¿â£¶â£·â£¿â£¿â£¿â£¿â£¿â£¿â ¿â ¶â¡ â£¿â£¿â£¿â¡€â£¿â£¿â£¿â£§â¢»â£¿â£¶â£·â£¿â£¿â£¿â£¿â£¿â£¿â ¿â ¶â¡
Bleak
â£¿â£¿â£¿â£¿â£†â¢©â£â£«â£¾â£¿â£¿â£¿â£¿â¡Ÿâ ¿â ¿â ¦ â£¿â£¿â£¿â£¿â£†â¢©â£â£«â£¾â£¿â£¿â£¿â£¿â¡Ÿâ ¿â ¿â ¦ â£¿â£¿â£¿â£¿â£†â¢©â£â£«â£¾â£¿â£¿â£¿â£¿â¡Ÿâ ¿â ¿â ¦ â£¿â£¿â£¿â£¿â£†â¢©â£â£«â£¾â£¿â£¿â£¿â£¿â¡Ÿâ ¿â ¿â ¦ â£¿â£¿â£¿â£¿â£†â¢©â£â£«â£¾â£¿â£¿â£¿â£¿â¡Ÿâ ¿â ¿â ¦
Bleak
Bleak
Bleak
Bleak
â£¿â£¿â£¿â£¿â Ÿâ£°â£¿â£¿â£¿â£¿â£¿â£¿â£¿â£¿â£¿â£¿â£¿â£¿â£¿â£¿â£¿ â£¿â£¿â£¿â£¿â Ÿâ£°â£¿â£¿â£¿â£¿â£¿â£¿â£¿â£¿â£¿â£¿â£¿â£¿â£¿â£¿â£¿ â£¿â£¿â£¿â£¿â Ÿâ£°â£¿â£¿â£¿â£¿â£¿â£¿â£¿â£¿â£¿â£¿â£¿â£¿â£¿â£¿â£¿ â£¿â£¿â£¿â£¿â Ÿâ£°â£¿â£¿â£¿â£¿â£¿â£¿â£¿â£¿â£¿â£¿â£¿â£¿â£¿â£¿â£¿ â£¿â£¿â£¿â£¿â Ÿâ£°â£¿â£¿â£¿â£¿â£¿â£¿â£¿â£¿â£¿â£¿â£¿â£¿â£¿â£¿â£¿
Bleak
Bleak",2024/11/21,zh-cn
iScorpion_ru,1,32.4,https://steamcommunity.com/id/iscorpion_ru/,"We are elected by the emperor.Fear plunges faith, Vera is our shield.No one can stop us!The enemies of the empire will be destroyed!For the emperor!",2024/11/25,ru
Des1re,1,36.8,https://steamcommunity.com/id/Des1re7/,Great game to get to the universe of 40k and have a good time with the brothers!,2024/11/28,ru
Harrisfilms,1,7,https://steamcommunity.com/id/harrisfilms/,"I'm not into the source material specifically, but kept hearing this was great. Really digging the so serious it's silly religious tone of these warriors. Also really liking the mix of melee and shooter combat. Bought it assuming it would scratch the Gears of War itch, and I was not wrong. Gorgeous graphics as well.",2024/11/19,en
OliveWizard,1,39.2,https://steamcommunity.com/id/olivewizard/,"During the thoughts of the best games of 2024, two options come to my mind: HELLDIVERS 2 and Space Marine 2. Both there and there, the super -soldiers of the future exterminate giant beetles from distant space, but Sony again confirmed the title of ""offices"", so today I write only todayAbout Space Marine 2 as a game of the year.

The game is old -fashioned.It is made according to the formula from the zero: each self -respecting blockbuster should have a ten hour campaign, multiplayer and cooperative.But precisely because now they do not make such games, it is felt by a sip of fresh air.I also did not even have problems with bugs and the technical condition at the start.

It disappears from my head immediately after passing, but I remember exactly that it passed it literally with an open mouth.This is the most reliable Warhammer at the moment.Familiar from the books of the construction of a planetary scale and countless hordes of enemies are here and they are made with the maximum scale and details.Therefore, my space marineer for a long time did not run towards the goals of the missions, but painstakingly studied every meter of hives.

It was clearly not created as the main mode.But like the old parts of Call of Duty allows you to just have fun to run and shoot.Short matches, small cards, instant revival, funny phrases, rewards for each action.The old kind classic of the times of games in Jewel for a hundred.

Make a sweat.The path to the maximum level is a heavy rise to the top.You get in the face, rise, raise the levels of weapons and class, learn to play and begin to feel more confident at this level of difficulty.Then you go to the next level and ... already at the very beginning of the mission, the game puts you in place.You are nobody again, go learn to play.Sooner or later, you get to the last, fifth level of complexity, which will become a complicated test of your skills.Maybe you will not master it, but by that time at least you are pumping weapons and skills.
And then it turns out that you pumped only one class and one set of weapons.All the others need to download in the same way from scratch.And in the game only 6 (after updating 7) missions.You need to go through time after time.Do you know what madness is?This mode is too slow progression.

In general, I recommend trying Space Marine 2 even to those who are not a fan of the Warhammer 40 000 universe. It is beautiful, unusual, challenges and rewards for overcoming it.In addition, this is a game from ""our"" developers.These come out infrequently, but always delight.If this is not a turmoil, lol (but it is difficult to call it a game).
Unless the price of 3200 is too high.The game recommended by Valve equivalent to $ 60 - 1900 rubles would fit the game.",2024/11/30,ru
[LIB] enosfer,1,25,https://steamcommunity.com/id/enosfer/,The best.,2024/11/29,en
lonely,1,101.6,https://steamcommunity.com/id/lonely911/,"To create authentic Astartes corresponding to its order, there are not enough cosmetics (in the ""Heraldry"" section).The game itself amazes with his narrative and the continuation of Laura (former) captain Demetrius Titus.
For the emperor!
Praise developers!",2024/11/23,ru
[PC]BleedWolf```,1,72.3,https://steamcommunity.com/id/bleedwolf/,"Like not a fan of Varhammer 40000, the game was very in)",2024/11/29,ru
Sagittarius,1,238.4,https://steamcommunity.com/profiles/76561198350610943/,"The game is very good, the update is very slow, the production team has been penetrated by the chicken thief",2024/11/28,no
TAPOO,1,9.5,https://steamcommunity.com/id/Tapoogames/,"The best Axon game among PC games using Ohhamma IP,
Although it is ruined by PVP or PVE, single play alone is very satisfied.
Q & A dance.Podi Emperor.",2024/11/28,ko
Poon.Guard,1,46.7,https://steamcommunity.com/profiles/76561198080421649/,Good,2024/11/28,en
Hold My Drone,1,9.3,https://steamcommunity.com/profiles/76561198121934182/,Play for epic moments and masculine.,2024/11/23,en
Tom,1,182.1,https://steamcommunity.com/id/Long-bearded/,Glory to the Emperor!,2024/11/28,en
popobe,1,104.9,https://steamcommunity.com/profiles/76561198390761643/,"After the new update, the quality is worse than before. I ca nâ€™t get in 5 games. The login time is still the same time. Unless it is a war hammer fan, I do nâ€™t recommend it to those who do nâ€™t know the war hammers to play. Enough for me to finish mobile games every day.",2024/11/13,zh-tw
Ã˜ Mr. Steele Ã˜,1,37.1,https://steamcommunity.com/id/MasterStool/,"While flying from orbit to the planet, crashed into a dozen buildings and debris
12 great naval soups out of 10",2024/11/28,ru
SiegDere,1,25.1,https://steamcommunity.com/id/Vladikula/,Leandros is still a lil â™¥â™¥â™¥â™¥â™¥,2024/12/1,en
Kamikoto,1,125.9,https://steamcommunity.com/id/kamikoto5239/,Game of the Year 2024,2024/11/28,en
FURY,1,238.4,https://steamcommunity.com/id/furyjka/,"Brother, if you are planning to strengthen your faith in the emperor, then be persistent, brother.And also, brother, do not forget about parries on more powerful xenos, brother.But even if you fall in battle, brother, your brothers will always raise you, brother.Do not succumb to heresy, brother, because the emperor protects and protects, brother.Brother, let your power hammer not know fatigue, brother, and your bolter, brother, will not stop fighting heretics for a second, brother, because the fraternal shoulder is always there, brother.
11 brothers of brother out of 10",2024/11/29,ru
Mechageek,1,33,https://steamcommunity.com/id/AIZANA/,peak,2024/11/28,en
Fake Fox,1,420.7,https://steamcommunity.com/profiles/76561198176422626/,For the Emperor it shall be done,2024/11/29,en
Pipenchik,1,28.6,https://steamcommunity.com/profiles/76561198022200724/,"10 out of 10
for fans and accidentally running up - this will become a delicious life))
The plot is linear and pleasant, the horde of beetles will amaze you
Cooperative Meat and play time and make a woman happy
Why play, if a warhammer is considered a weak series, enjoy",2024/11/29,ru
Indigo,1,10.2,https://steamcommunity.com/id/Hana-ni-Bourei/,"Purge the Bug's, FOR THE EMPEROR",2024/11/28,en
Ojab,1,73.3,https://steamcommunity.com/id/0jab/,Pretty good fr fr,2024/11/30,en
å¶å°”ç‹™åœ£æœºæ¢°æ¨,1,25,https://steamcommunity.com/profiles/76561199037149005/,"I hope that we can fully understand their mission to make more better battle content and better plots.
In addition, the production team is afraid that it will not be corrupted by rape. This balance is really big.",2024/11/29,zh-cn
c3rvis,1,34.4,https://steamcommunity.com/id/radardaredevila/,chainsword goes brrrrr,2024/11/29,en
î€”MrLanzo,1,20,https://steamcommunity.com/id/MrLanzo/,About the great soup welded,2024/11/29,bg
{AZC} ArgulKit,1,46.5,https://steamcommunity.com/id/strangeroman/,For the Emperor!,2024/11/30,en
æˆ‘æ˜¯æ¥é‡å»ºè¿™ä¸ªä¹é˜Ÿçš„,0,178.1,https://steamcommunity.com/profiles/76561198870636658/,"Whenever I want to give you a trace of respect, you start to brush the brain insect",2024/11/23,en
STARRYæ‰“å·¥ã®å‰ä»–è‹±é›„,1,21.8,https://steamcommunity.com/profiles/76561199423428178/,"The coolest pre -order. Although the problem loaded when I play, my friends have waited for a long time to make me guilty, but the actual play is really cool. The evaluation is relatively short. For the badge of SteamIt is also full, full of music style, full plot, written more scribbled, forgive meter",2024/11/28,zh-cn
THE BIRI DIN,1,7,https://steamcommunity.com/id/Roninha/,a biri din is no my lovi,2024/11/28,en
RoKetâ„¢,1,12.2,https://steamcommunity.com/id/laletindn/,"A terrible final boss, better QTE movie than that.There are a couple of episodes that are very poorly played with AI partners.

Otherwise, the whole class, definitely one of the best shooters!",2024/11/27,ru
artifact,1,26.6,https://steamcommunity.com/id/paul_gray/,"The most basic game of 2024, which will not receive the game of the year.",2024/11/30,ru
Rascal,0,23.9,https://steamcommunity.com/profiles/76561198053403619/,"Outrageously little content for a $60 game;
and what little content there is, is far cry from perfect, aimed at very specific audience;
the game gets carried hard by aesthetics.
------------------------------------------
The setting is well enough executed.
Voice acting - great.
Combat would be good if it weren't for a ridiculous and hardly customizable control scheme. (It's poorly ported from console to pc)
Story is short and uninspired, decent in co-op;
there's like 6 missions 1 hour each on average,
then 7 more ""operations"" which are on one hand side missions happening during main campaign, so you get to see move POVs which is a neat trick, but on the other there's character progression during those operations which I'd normally be a fan of, except the progression is absent in main story, there's 7 missions, about 30 minutes each, which give you around ""1 level"" worth of experience, and there's 6 classes, 25 levels each, so it gets hella grindy hella quickly. Overall okay at best.",2024/11/27,en
SeiEhrlich,1,36.6,https://steamcommunity.com/profiles/76561198052283558/,"Introduction
Space Marine 2 - exciting, saturated and, most importantly for me, not a protracted adventure
both for one player and for the company of friends, because you can go through the trip.There are three types of content in the game:
The campaign is the story of Titus and its two comrades;
Operations - additional tasks that tell about the adventures of other members of the detachment, simultaneously performing their tasks.There is a pumping of equipment and classes, but I don't think,
That this can directly tighten, unless the combat system has sunk into your soul, but at least all the missions are worth passing once.
The eternal war is a multiplayer against other players, where 6 by 6 hard workers fight against each other.Honestly, I didnâ€™t really like it, because I am not a fan of PVP content, but I do not exclude that someone likes it.

The game is an action from a third person with distortion into a near battle, as the damage
From long -range weapons, on average, below, but you should not forget about it, because not every enemy will run away with a headlong.
In close combat, you have to realize simple combinations of blows and fend off,
But do not worry, here you are not games and the attack will kindly illuminate and give enough time to the reaction.Also, enemies do not hesitate to use strong attacks that are not parked,
But you can dodge them, however, where you could fend the enemy at any time of the animation of the attack of your character, then you can dodge, as if only after the animation ended, which caused me problems.
It is possible to treat our cosmomoriac, unlike the first part, you can first first -aid kit or manage to make up for lost health in a short period of time by beating the enemy in the manner of the Bloodborne game.

The graphics in the game were admired, as well as the design of levels made with love for the universe.Many details in the animation of the characters, finishing enemies, covering armor with blood and dirt are a direct delight.The sensation of blows and firing is handed over well, as well as work with the sounds of weapons is done great, but, unfortunately, the enemies are felt, sometimes like lips for damage, which destroys immersion in the role of the strongest soldiers of the emperor.

Honestly, itâ€™s hard for me to say, because I do not have advanced iron, but on RTX 2070, Ryzen 5 3600, 16 GB of RAM with a frequency of 3200 MHz I received ~ 45 frames in saturated bloody battles on Full HD monitor with medium graphics settings and dlss includedIn balance.
In general, it suited me and played it, quite, normal, taking into account the general quality of the picture.

First of all, I want to take the work of servers here.Their work for me remains a mystery.In operations
With random people, I received a ping of European servers, which was quite happy, but passing the campaign with a friend that lives near me, I could get as much as 600, which cited me
In a stupor.So because of this, the sound path in the cats could lag behind.Most likely, this problem was solved, but I ran into her and I cannot but mention.

The pumping in operations, in my opinion, is tightened, because in addition to pumping the class, it is necessary to pump each type of weapon separately, which is exhausted, but the weapon is divided into 4 classes of rarity and you cannot so calmly go through the maximum difficulty having the first or second rarity in the equipment of the character.

Summarizing, I want to say that the game is definitely worth playing in it, even if you are not a fan of the Warhammer 40K universe.In my opinion, you can get a unique experience that is not comparable with other games, except that only a DOOM series of games comes to mind, but this is different a bit.",2024/11/28,ru
Mosse,1,64.8,https://steamcommunity.com/id/Mosse_198/,"For the emperor!
Courage and Honour!",2024/11/29,en
DeutÃ©ros,1,13.4,https://steamcommunity.com/profiles/76561198077313413/,Incredible 10/10,2024/11/26,en
The_Spartan,1,92.2,https://steamcommunity.com/id/EGO_TheSpartan/,"Before playing this game, I had to walk away in fear of Xenos, since they were swarming the streets. And I had to tolerate and see Fanatics and Heretics causing war in the outside world. After buying this game, my problems were solved and I could exterminate the Xenos and Purge the Heretic myself! What else could I ask for?

Seriously though, great gameplay. Things could be even better, if, for instance, some optimization was done. Right now, to purge the alien scum and save the Imperium of Man, you need tech that isn't available to many Battle Brothers. And it feels bad to go into battle naked like a Cadian... Sort of...

Still, it is probably the best Warhammer 40k game I have ever played. My biggest issues are the loading screens... In countless cases, we are faced with a loading screen after another loading screen, making us lose precious _TIME_! Someone should inform the Chaplain and perform the proper rites to cleanse this potential source of heresy!",2024/12/2,en
HELLYEEE,1,11.3,https://steamcommunity.com/profiles/76561198335124645/,For the emperor !!!,2024/11/30,bg
Godfather GER,1,12.8,https://steamcommunity.com/id/fgroeger/,TOP!!,2024/12/1,en
OrangeRyu,1,130,https://steamcommunity.com/id/CatsUpMyAss/,"Reviewing Space Marine 2? I can only spare 3 sentences. No more, no less.",2024/11/28,en
MLH,1,69.9,https://steamcommunity.com/id/mr_lord_hero/,"I draw inspiration from any topics about overcoming.Be it games or films about heroes.Those who, contrary to everything are ready to go to the end, this game is no exception.I respect devotion to my work and share the intentions of the protagonist.As for the graphics, and for me, graphics are important at least the plot, it is at a height.The gameplay is simple and understandable.I played in the first part of Space Marine, I pre -order and the second.I waited, I waited and did not regret it.Those who are interested in the W40K universe certainly take.Those who are not familiar with the W40K, but are looking for cooperative chubilovo to take it unequivocally.The narrative will be available even to neophytus, and then you will be pushed, inspired and will become part of this world.",2024/11/29,ru
esreichreises,1,4.8,https://steamcommunity.com/id/esreichreises/,"Product Received for Free

O the big soup was cooked!",2024/11/30,en
TheEntireGalacticEmpire,1,19.2,https://steamcommunity.com/profiles/76561198299046287/,Kill tyranids. Behead tyranids. Roundhouse kick a tyranid into the concrete. Slam dunk a tyranid into the trashcan. Crucify filthy tyranids. Defecate in a tyranids food. Launch tyranids into the Purple Sun. Stir fry tyranid in a wok. Toss tyranids into active volcanoes. Urinate on tyranid capillery towers. Judo throw tyranids into a wood chipper. Twist tyranid heads off. Report tyranids to the Inquisition. Karate chop styranids in half. Curb stomp pregnant tyranids. Trap tyranids in quicksand. Crush tyranids in the trash compactor. Liquefy tyranids in a vat of acid. EAT tyranids. Dissect tyranids. Exterminate tyranids with virus bombs. Stomp tyranid skulls with steel toed boots. Cremate tyranids in the oven. Lobotomize tyranids. Mandatory abortions for tyranids. Grind tyranid fetuses in the garbage disposal. Drown tyranids in fried chicken grease. Vaporize tyranids with the Deathstrike rocket battery. Kick old tyranids down the stairs. Feed tyranids to squigs. Slice tyranids with a power axe.,2024/11/30,en
Gvallior,1,16.6,https://steamcommunity.com/profiles/76561198049642504/,"Shtosh!I am not a wagon@#$%, but this game hit the heart.
The picture is juicy.
The plot is interesting.
Fights meat.

In general, I recommend a company for passing!
Coope is quite a good meat chopper.
PVP mode is simply here.",2024/12/2,ru
lycanroc,1,122.5,https://steamcommunity.com/id/workerfluff/,This is the best game ever!,2024/12/1,en
harlanovnik,1,11.3,https://steamcommunity.com/profiles/76561198800247994/,The emperor protects!,2024/11/29,bg
Rory,1,196.4,https://steamcommunity.com/profiles/76561198153189020/,"The game of the bomb, I do not regret the 5K spent on this masterpiece.
The game in the Angel of Death gives you a certain test.which you can pass if you have straight hands.
The company itself is a fire, you just run along the locations that were worked out as much as possible to the smallest details, I still remember how the commissioner raised the fighting spirit to his guys, the amazing Loka of the necrons, straight to the goosebumps, when he was on the approach and saw symbols and began to guess whatA huge ass was excavated by the Martian mother of their geniuses.And the scene with the flag ..... I literally smiled, how cool it was.
Operations in the game are also beautiful, especially if you go parallel to the plot, because all this is intertwined.The fighting brothers are thrown by interesting remarks that give a plus of wyb for those who rummage in the topic, and of course, the expanses reveal the character of spaceships and a bit of their life.
The developers are also handsome, in the subject they clearly understand the smallest details, and clearly watch what the players write about the game.

But there is always â™¥â™¥â™¥â™¥â™¥â™¥ anyway.These are disadvantages.
So, let's start just with the fact that the game is very, very many whiners, because if there were few of them, then it is unlikely that the outfits were nervous recently out of just a couple of days.
It was really insulting, since at least some Chelenga appeared in the game because the game really experienced you and your brothers for strength because before that the game has become an Isi even on the existing Max, we literally ran out at 2 snoutsMisses with non -nuclear classes and guns, and when we saw a new difficulty ... It was cool, and the reward ... It was worth my brothers.And so we went through everything on new complexity pretty much, especially thanks to the Chaosites (I hate these creatures (but loving)), we are laughing as a kind part of the players cry and whine, which is too complicated and go unrealistic and they came to the game for Fun, and they came to the game for FunThis is not Fun at all, you can certainly say -â€œPut the moron of the difficulty lower than once.â€, So they want to unlock everything in the game, they just donâ€™t want to learn, the main thing is that they are given to the stupid fun, only these whiners are givenThey will not be able to know that joy when you go through this very stage of complexity and understand that now you yourself have actually become an angel of death.
Well done, too, well done, in the stupid they listened to these nonsense and naranfili the difficulty in the trash, it is very sad, of course, but now we and the brothers have passed the first days of the 5th difficulty will remember this and every time to say as old grandfathers, it used to be better.

Well, you can still say about PVP in this game, but I do not want to, since it is a rudimentary shit, we bend your fingers:
The balance has come out and smokes on the sidelines (thanks that at least the vanguard is subordinate)
Grenades are represented in 4 types opening along the pumping, but the most usable is shocking as: 1) control of a huge zone in the form of damage, which still does not lady the owner, meanwhile, the operation transfers greetings for such jokes 2) Blind literally until the end of your life 3) The fierce slowed down.In this one grenade, there is more meaning than in the others
The matchmaking of which is not, here you can still remember the balance because the weapon that opens with the rank humiliates in the trash, yes, yes Melta and plasma, I'm talking about you
Cards, what about cards?They are beautiful to horror, exactly like small and thanks to respowed per second, when I stood on an enemy home, I thought that I was fighting with a bunch of tyranids, not spaceport.And there are few cards
The close battle in the PVP shit for the one who was the first to hit, and the so -called parrying does not work, and even if he worked, then hello random ping in the team A and B.
Speaking of classes, a slight deviation from the humiliation of PVP in the game, there is a feeling that the game has normal classes, cool classes and an attack aircraft, here is the attack aircraft - this is the most hated creation of developers, it has humiliated it in this part, my friend almost cried.
There are many aspects for which you can still scold the game, but I will not, because playing this mode on serious droves, and even more so solo is unlikely to be.

Castomiz is straight a cool, if you do not take into account that the game has colors that are not stupidly displayed as they should, as an example, in the game there is no normal black in the game, then a half-black dull shit I refuse to take for a full-fledged black, a gold of a normal person recentlyOnly added, well, the symbolism is monstrously little, but it will be corrected with time, and in general - a bomb.

The result of sowing the seedlings
In the soul is not tea for whom I write this and why, and who will read it at all.
In general, the game went straight, the developers dispelled the myth that they were wow 40k and, in principle, probably according to Waha, they make shit, not games.Iâ€™m more sure that after even a few hundred hours of the spent in this game I will be pleased to return and cut into the minced meat of local cockroaches because how it is all done and animated directly leads me to children's joy, and of course there are models.
To everyone who read to the end of the condolences and as one YouTubert said: â€œAs always thanks for the viewing, and as usual, happiness to you!â€",2024/11/29,ru
AndrÃ©,1,44.2,https://steamcommunity.com/id/seal_of_insight/,"Like its predecessor, it brings the simplicity that were the X360 period action games.
Lots of action, rejagability and fun.For those who are sick of Warhammer, just like me, the game is great, not perfect, but it is a full plate.",2024/12/1,pt
ILYA-2715,0,63.8,https://steamcommunity.com/id/laatikosuomi2715/,"Well, ok, Titus made a storyline, not bad.But how is the cornet of PVP: whore corridor cards on which XYI implement a class, you run like a ram for the rest, if only they would not kill.If it was possible to set an assessment, the average, then put it, but no.We are waiting and hope for the ""level"" of the PVP of the first see.",2024/11/18,ru
[VS]HÃ¤nsel,1,35.3,https://steamcommunity.com/id/SweetDreamVS/,"The game is good and she has enough pluses, but very few missions.
If you are an amateur after the company endlessly sit in PVP mode, then this game is for you.",2024/11/30,ru
Raikiri,1,15.6,https://steamcommunity.com/id/2033/,Game in,2024/11/28,no
bananapkin,1,165.8,https://steamcommunity.com/id/bananapkin/,"40,000 years into the future and my teammates still grief me",2024/11/17,en
LongerLex,1,22.5,https://steamcommunity.com/id/XforJason/,This is the best action game on Vahe that we have today.But I want to believe that in the future we will get something better.,2024/12/1,ru
GoDReaper,1,39.8,https://steamcommunity.com/profiles/76561198052112344/,"Warhammer, monster horde, Space Marines, is clearly a Win Win.

For the Emperor !!!",2024/11/29,en
Creampuff Boy,0,77.6,https://steamcommunity.com/id/CreampuffBoy/,Every update there are notes mentioning that crashes have been reduced but honestly everytime it feels like they get worse. in the span of an hour I have crashed 5 times for no seemingly apparent reason. I love this game to death and am brand new to the 40k community but I haven't seen a game crashing like this since I have played Destiny 2.,2024/11/17,en
Adammaniaco,1,108.7,https://steamcommunity.com/profiles/76561198061793951/,"I preordered the 100-euro version after knowing that Saber had some ex-Bungie employees, and oh boy do I not regret it. Some of that classic Halo DNA must be in this game, because I wasnâ€™t so hooked with and online PvE mode since the original Halo ODST firefight mode.

Without taking into account the excellent campaign mode (LEAD ME TO THE SLAUGHTER) and the PvP, Iâ€™ve already sink +100 hours playing Operations Mode in all difficulty levels. Each time you finish an operation, you get points, new armor, weapons, perks and more. With 6 classes and their distinct playstyles to level up, the amount of content included in the base game is insane, every post-match customization had me building different Space Marines of all aesthetics, colors, chapters and combinations imaginable.
Since I started playing, I went to my familyâ€™s house to retrieve my old 40k minis (Black Templars and Tyranids, very appropriate), read +5 novels (The End and the Death and the Ravenor trilogy), visited my local Games Workshop retail store (first time since I was 16), and purchased and started painting some new Black Templar units (the whole Primaris upgrade is new to me, the minis are quite bigger).

So yeah, this game is just that good, totally recommended if you want to re-enter or experience for the first time the grim dark gothic future W40K has to offer.",2024/12/2,en
saisan,1,81.7,https://steamcommunity.com/profiles/76561198968646179/,"""Burn the heretic! Kill the mutant! Purge the Unclean!""",2024/11/14,en
Noodle Master,1,388.5,https://steamcommunity.com/profiles/76561198015227194/,He serves,2024/11/30,en
No One,1,12.9,https://steamcommunity.com/id/christian9n/,Yeah I'm racist. I love racing games.,2024/11/28,en
s1ckpup,1,6.9,https://steamcommunity.com/id/s1ckpup/,"It's been years since the first Space Marine & I was super hyped when word came out that they were doing a sequel. After playing this game for a while, I must say. It doesn't disappoint. The levels are beautiful and the combat is on another level. Its full of blood and gore to the point you feel like you have to take a shower after playing ha-ha. Fantastic game hands down & a must buy for any Warhammer fan!",2024/12/1,en
saint_random,1,30.7,https://steamcommunity.com/profiles/76561198059194376/,Nice,2024/11/28,en
Maksilimon,1,70,https://steamcommunity.com/id/maksilimon/,"Captain Tity - I'm not Titia - no one Titia
Open the door - we are ultramarins",2024/11/28,ru
ÐœÐ°ÑÑ‚ÐµÑ€ Ð¡Ð¸Ð»ÑŒÐ²ÐµÑ€,0,13.3,https://steamcommunity.com/profiles/76561198867313162/,"A very short main company, 6 missions.Maybe now in the game industry this is the norm?But for such a price, I want a plot, not an additional mission.",2024/11/19,ru
EvilApple,1,68.9,https://steamcommunity.com/id/KarloTheApple/,"I was given three seconds to recommend this game by Cpt. Acheran, so i will start wi-",2024/11/28,en
hodie,1,66.2,https://steamcommunity.com/id/h0die/,A worthy successor that will be even better with balance passes to multiplayer and the additional Operations content they have planned.,2024/11/29,en
Vinter,1,250.5,https://steamcommunity.com/id/Vinter70/,"Continuation of the best meat action from the games of the Wahrammer 40000 universe, now only Battlefield is not enough in the setting 40K.",2024/12/2,ru
I'm a melon,1,86.9,https://steamcommunity.com/id/dangomelon/,negative reviews = heresy,2024/12/1,en
Snoop,1,40.6,https://steamcommunity.com/id/hhhhhentai/,"Here we have a cap, a real macryazhets !!One went to the tyrant, even greeted the hand with one, so he now does not wash this hand.So, clean, lubricate, replace the bolts - and normal!",2024/12/1,ru
Lord_Whiskas,1,85.5,https://steamcommunity.com/profiles/76561198173178659/,I love Robaut Gilliman!,2024/12/1,ru
KILLY,1,3.6,https://steamcommunity.com/profiles/76561198286789167/,"In the future there are no jokes, only war.",2024/12/1,en
Facu Cage,1,31.2,https://steamcommunity.com/profiles/76561198127920972/,"Vitel Christmas TonÃ© recipe:
1 whole peceto if the whole cow is possible
1 leek of Farfath (very important that it is fresh)
3 bunny buggs carrots
1 celery branch
1 onions
2 garlic cloves
5 parsley branches
Salt at ease (eye they don't want to have hypertension)
Bay leaves and pepper grains, at ease
Cold water, necessary quantity.

The sauce:
3 or 4 anchovies
1 tuna can
Cooking broth, necessary quantity
1 handful of capers and extra to decorate
1/2 Cup of mayonnaise
2 tablespoons of mustard
6 tablespoons of milk cream",2024/12/1,es
í•˜ë£¨ì‚´ì´,1,13.8,https://steamcommunity.com/id/hjh09302/,"It's a dual sense, so the chain sword hand taste is killed.",2024/12/1,en
Hubitti,1,88.6,https://steamcommunity.com/id/Hubitti/,Recommended 5/5,2024/11/30,en
Ryu,1,48.2,https://steamcommunity.com/profiles/76561198001410259/,"Great to go game to dump some time with friends, the base is good the combat feels make you feel like a real Astartes.
If the developers keep supporting it it has the material to became an amazing game.",2024/11/30,en
Hunter X,1,8.6,https://steamcommunity.com/profiles/76561198253350227/,"Iâ€™ve never felt so manly before! Guys, I think weâ€™ve found a cure for low testosterone!",2024/11/30,en
Manac0r,1,149.8,https://steamcommunity.com/id/Manac0r/,"So Perturabo walks in to the Dark Machanicus library and asks,
""Where are the books on Paranoia?""
To which the servator whispers,
""rrrright behind you...""

Oh yeah good game...",2024/11/30,en
DOSYARIK,1,121.9,https://steamcommunity.com/id/dosyarik/,For the emperor!,2024/11/30,bg
Soviet,1,9,https://steamcommunity.com/id/sovietunionsky/,I will soon buy figures and know ENT as Henry Cavill,2024/11/29,ru
Raijin_Loraine,1,43.2,https://steamcommunity.com/profiles/76561198148377761/,"As if the whole hype has passed, the games have come out, but I still go into the evening with pleasure in it to run a couple of tasks for maximum difficulties with brotherly.For the glory of the emperor, brothers!",2024/11/29,ru
(Don_Skyffidon),1,11.6,https://steamcommunity.com/profiles/76561198272675627/,Gamplei is advanced for the combine of the xenos disposal.,2024/11/29,ru
ð“¢ð“®ð“»ð“¬ð“±ðŸ¥€,1,9.6,https://steamcommunity.com/id/Serch_Kalashnikov/,It will go.,2024/11/29,en
RONIN,1,44.8,https://steamcommunity.com/profiles/76561198097257733/,"Space Marine 2 is an engaging experience that manages to capture the imagination of those who, like me, are a neophyte in the Warhammer universe.It is not necessary to know the lore to the bottom to have a total immersion of this adventure: in fact, the game drags you into a dark and devastated world, where you can take on the role of a mighty space marine is an incredibly rewarding experience.

Pros:
Fluid and satisfying gameplay: fighting the hordes is satisfactory, with a mixed mix between body brutality and adrenaline shootings.The use of weapons and skills is very intuitive and does not require demanding mechanics.

Cooperative mode: playing with friends adds a note of greater fun and more strategy, perfect for dealing with the most demanding missions.

Promising post-launch support: with a community already passionate about the universe of Warhammer and/or newbies players who want to know this world, the improvement potential can be very high for future updates, DLC and additional content.
AGAINST:
Limited exploration and a few really immersive maps: personally, I think the game is often linear and you do not have the opportunity to freely explore the surrounding environment to discover secrets, additional details on the Lore or, more simply, unique objects to collect.As for the scenarios, however, I expected that some maps were more Creepy and treated to a Grimdark context.",2024/11/29,it
MartinWtff,1,11.8,https://steamcommunity.com/profiles/76561198988747737/,"The truth is that this game is spectacular, a worthy successor of the Space Marine 1",2024/11/29,es
Apokalipsa,1,71.6,https://steamcommunity.com/id/iamyourscrush/,"Product received for free

Love it!",2024/11/29,en
urbayn,1,4.1,https://steamcommunity.com/profiles/76561199056540260/,Shooting aliens in this game is so satisfying,2024/11/29,en
khoarangto,1,15.4,https://steamcommunity.com/profiles/76561198397154318/,Reject wokeness embrace masculinity,2024/11/29,en
Kyouko,1,22.9,https://steamcommunity.com/id/kyoukosaa/,old school best school,2024/11/29,en
MAKC_Ksin,1,20.2,https://steamcommunity.com/id/MakcKsin/,For the emperor!Goyda!,2024/11/28,bg
Battlehut,1,151,https://steamcommunity.com/profiles/76561198031933144/,"A rock solid game.
It is not characterized by the best story or the best gameplay.
But it is characterized by a very nice graphic.A lot is backdrop, but it is so beautiful and with love that it doesn't bother.
The biggest strength is clearly the fights in the co -op, here with your friends, countless enemies are a good feeling.

However, the content is limited, i.e. if the repeated play of the same maps does not bother you, you can have a good time in this game.If you like a somewhat slower Left4Dead.Clear recommendation",2024/11/28,de
HeroTurtle,1,5.5,https://steamcommunity.com/profiles/76561198007737219/,"What can I say I have the saying: ""A moment of inattentiveness leads to a life full of heresy"".As soon as the mission goes off, I will be fully stuck in the tunnel.

Gunplay Bock and fun for the eye are also enough.

Oh and the energy value is beautiful, it is fun to cut with Xenox.",2024/11/28,de
USSR|Sm ZeRoSH,1,101.6,https://steamcommunity.com/id/_zerosh_/,"He had been waiting for her from the moment of the announcement and the inconspes did what the players were waiting for the most part.
Thus, there should be games - go in, get high, relax, and for lovers of Challenge there are their own modes.
The plot is simple, but with its highlights for the connoisseurs of the wahi.
In general, like without looking",2024/11/28,ru
FTM,0,32.6,https://steamcommunity.com/profiles/76561198186664709/,"The level honestly says less pitiful, and the repetitiveness is full. I hope to make more differences",2024/11/28,no
Ice,1,281.8,https://steamcommunity.com/id/DontYouFockingDare/,BROTHER!,2024/11/28,en
KELEVRA,1,43.7,https://steamcommunity.com/id/46363137733472/,For the Emperor,2024/11/28,en
Yo soy Alpharius,1,76.7,https://steamcommunity.com/profiles/76561199097264271/,"The history of the game is very entertaining and if there are many references to its delivery after 2013, although you also have to play the Boltgun to understand what happens after the first installments, its operations extend a little more the campaign in parallel missions that occurAt the same time and the multiplayer is well even though it is a bit more lazy compared to the first install8 vs 8 but can improve this section in the future.

And remember this motto if you feel the game very heavy and crack it to all lungs ""they will be my best warriors, they will be men who will give everything for me. As clay I will model them and in the war ovens I will forge. They will have an iron determinationAnd some steel muscles.They will be the defenders of humanity.

""The emperor of humanity",2024/11/28,es
Jannibal,1,27.8,https://steamcommunity.com/profiles/76561199144144393/,"---{Graphics}---
â˜‘ masterpiece
â˜ Beautiful
â˜ Well
â˜ Decent
â˜ Bad
â˜ Horrible

--- (artistic style) ---
â˜ masterpiece
â˜‘ Beautiful
â˜ Well
â˜ Decent
â˜ Bad
â˜ Horrible

--- {gameplay} ---
â˜‘ You're going to play 24/7
â˜ Care with addiction
â˜ You're going to throw him many hours
â˜ Very good
â˜ Well
â˜ Nothing special
â˜ Meh
â˜ Bad
â˜ Just ... Don't

---{Audio}---
â˜ The best of the best.
â˜‘ Very good
â˜ Well
â˜ Decent
â˜ Not so bad
â˜ Bad
â˜ Very bad

---{Audience}---
â˜ Children
â˜ Adolescents
â˜‘ Adults
â˜ All

--- {PC requirements} ---
â˜ If it turns
â˜ A potato
â˜ Minimum
â˜ Decent
â˜ Rich Child
â˜‘ Ask NASA if they have a spare pc

---{Difficulty}---
â˜ It costs you more to breathe
â˜ Very easy
â˜ Easy
â˜‘ Medium
â˜ Difficult
â˜ Very difficult
â˜ Dark Souls

---{History}---
â˜ It doesn't have
â˜ Something is something, I suppose
â˜ Average
â˜‘ Well
â˜ Lovely

--- {game time} ---
â˜ Short
â˜‘ Average
â˜ Long
â˜ It depends on the player
â˜ Infinite

--- {Individual mode} ---
â˜‘ Yes
â˜ No

--- {Online mode} ---
â˜‘ Yes
â˜ No

---{Price}---
â˜ Free To Play
â˜ Cheap
â˜‘ Normal
â˜ expensive
â˜ If it makes you illusion

--- {bugs} ---
â˜ I never had any
â˜‘ Minor bugs
â˜ Several bugs
â˜ Cyberpunk

---{Conclusion}---
â˜ essential
â˜‘ Excellent
â˜ Well
â˜ Normal
â˜ Bad
â˜ A â™¥â™¥â™¥â™¥â™¥â™¥",2024/11/28,es
Woody,1,50.7,https://steamcommunity.com/id/bwinning/,"Excellent game, very satisfying and rewarding combat loop. Hits the Space Marine fantasy perfectly in visuals and in gameplay.",2024/11/28,en
b3ik,1,26.8,https://steamcommunity.com/profiles/76561198119979508/,"For the emperor!
Brutal brutality in the square and no agenda.Now such games are extremely rare, so they are more valuable than ever.",2024/11/28,ru
Greg,1,40.7,https://steamcommunity.com/id/volshar/,THE EMPEROR PROTECTS,2024/11/28,en
spiny[B] -dsb-,1,138.5,https://steamcommunity.com/id/spinyB/,"good one, on the path to unlock all free mtx for the emporRRR, need more pvp maps and some weapons for specific classes. neeed more solid fun and engaging mutliplayer with focus on gameplay, teamwork and competetiveness like this. NEED MOAAAAR. Returning when more content drops or PVP have some kind of goals to work upon or incentive to get better and play more. esthetic and atmosphere are k1nG.

Pleasent surprise of fun and engaging multiplayer from a big release in 2024",2024/11/28,en
Dominican John Wick,1,102.9,https://steamcommunity.com/id/torbhog/,"Easily the manliest, most badass game made in years. Saber Interactive is now on the Insanely Cool developer list by proving themselves worthy to the Emperor by making this game.

10/10, you get to kill â™¥â™¥â™¥â™¥ in glorious melee combat.",2024/11/28,en
RODIPIT,1,63.9,https://steamcommunity.com/profiles/76561197996876811/,"I am a long -standing fan of Warhammer 40,000 and went a lot of video games in the franchise.The development of a third -person shooter was engaged in the notorious Saber Interactive.I plunged into this cruel world and found a lot of fascinating in it.And now about everything in more detail.

Titus is alive!
From the release of the first part, long thirteen years passed, but the developers did not spit on the story of Titus and returned it to the universe again.After the accusation of the Inquisition, the captain is lowered with the rank of lieutenant and sent to lure sins before the Imperium of mankind in the guard of death.The successful completion of the next mission, almost at the cost of his own life, opens the hero back back to ultramarins.After returning to the landing detachment, the body is pumped to Titus - now it becomes primaaris.
The developers worked well on the plot and provided a full -fledged, coherent and understandable story about the once beloved character.It corresponds to the Laura of the Universe and may interest a third -party player.But not in everything - fans know the features of the origin of the Ultramarins detachment and will definitely pay attention to one detail in the Titus team.But watching the events is quite exciting, especially with love for the universe.Throughout the campaign, players will have to participate in several dangerous missions and fight with numerous forces of hostile fractions.
Unfortunately, gamers unfamiliar with the original do not feel the connection of the protagonist with the original story and may be lost in some conventions of the world.Despite such a feature, Space Marine 2 will definitely please lovers of dynamic shootings and cooperative battles.It is in the gameplay that the main power of the project is.

""Waha"" - how it is
Earlier, I already mentioned the direct continuation of the events of the original, but it is worth noting the exact hit by the atmosphere of the entire universe.Brutal brutal battles, rivers of blood, hard hierarchy and following Laura - each fragment of the game in detail conveys the world beloved by many fans.Following the primary source is noticeable even in models of characters and a huge set of options for performing armor of heroes.
Space Marine 2 will definitely enjoy detailed effects, background images and environment.The design of the locations came out corridor and understandable for study-it will not work somewhere to get lost, a marker or a crowd of enemies running out of Titus, will tell the right direction.

Warhammer 40,000: Space Marine 2 is filled with an epic, colorful and endless shootings, brutal action, blood rivers and a campaign filled with events.This turns out to be quite enough to immerse the player in the setting and allow him to enjoy the atmosphere of cruelty and injustice in the world.

Pros:

-Dalized world with a realistic atmosphere;
-Dynamic shootings with crowds of opponents;
-coloring effects and animations;
-Brutal and bloody action in the spirit of Warhammer 40,000.

Cons:

-the lobe amount of the ""endheim"" of the content;
-At the basic skills.

I strongly recommend both the fans of the WH40K and beginners who want to meet this beautiful franchise!",2024/11/28,ru
FRIIIXXX,1,5.5,https://steamcommunity.com/profiles/76561198257021862/,Class tapped!Waaaaargch!,2024/11/28,ru
Verminion,1,34.2,https://steamcommunity.com/id/verminion76/,Kozak Gierek Pyk Pyk,2024/11/28,sk
FastL3ga,1,87.6,https://steamcommunity.com/id/FastL3ga/,The Codex Astartes Does Not Support This Action,2024/11/28,en
Keamesampe,1,164.1,https://steamcommunity.com/id/jake_5252/,i like john warhammer he kill alien and he doesnt afraid of anything :),2024/11/28,en
Hanka,1,22,https://steamcommunity.com/id/hankinha/,The emperor protects.,2024/11/28,en
Aleksander Hellscream,1,25.8,https://steamcommunity.com/id/dersol/,I like it,2024/11/28,no
Diaraks,1,38,https://steamcommunity.com/id/Diaraks/,"Are you there a heretic or something, â™¥â™¥â™¥â™¥â™¥â™¥ anyway?
Are you there a loyalist or something, â™¥â™¥â™¥â™¥â™¥â™¥ anyway?

10 thrones of the emperor out of 10",2024/11/28,ru
Orion_Vip,1,55.5,https://steamcommunity.com/profiles/76561198150932914/,The game is very interesting and I liked it.,2024/11/28,bg
Sketo,1,63.1,https://steamcommunity.com/profiles/76561198065920165/,"I love the heavy bolter
I love the emperor
I hate insects
I hate heretics

Simply.",2024/11/28,fr
ã€ŽSlaFFka59ã€,1,26.1,https://steamcommunity.com/profiles/76561198081500941/,You cut the beetles,2024/11/28,en
[BT]sirgotrek ((LE)),1,207.1,https://steamcommunity.com/profiles/76561198058118733/,"Not comparable to the 1, really not, PvP is simply not what I know from the 1 part, the PVE missions are already good and there is something for everyone.",2024/11/28,de
Hero of Kvatch,1,20.7,https://steamcommunity.com/profiles/76561198028646287/,"Warhammer 40,000: Space Marine 2 is a terrific third-person shooter with a compelling story, loads of weapons that are a blast to use, and a healthy variety of enemies to use them on. It once again borrows many of its ideas from the Gears of War series, but theyâ€™re good ideas, and Space Marine 2 does a fine job of making them its own. And while the Operations PvE mode that accompanies it doesnâ€™t currently offer enough to keep me coming back, the deep customization options for your Space Marine do look promising if itâ€™s supported in post-launch updates as planned. Besides, when youâ€™re eviscerating aliens on planets as pretty as these, itâ€™s hard not to leave satisfied.",2024/11/21,en
Linad,1,250.6,https://steamcommunity.com/profiles/76561198107171963/,"The game is top, the ENT was observed even in the little things, it was such a game by Wahe that was not enough.

Plot:

Simple, but generally pleasant and does not cause rejection.

Gameplay:

In general, it is very pleasant to play.Gameplay my respect, took the formula of the first part and brought to mind.I noticed that many call bolt weapons the same type, in a sense it is, but still the difference between them is quite large.Shoot and cut enemies for a continuous pleasure, which are worth the executions.

PVP:

As a player in the PVP, it became boring quite quickly because of monotonous and mirror cards, although the game does not position itself as a competitive one.I would like to add some events or destruction, since the conditions during the game do not change in any way, Mesilovo 6 to 6 quickly bothers.

In addition, it is very sad that they did not add the customization of xcm.Dark angels will come out in December, I will assume that they still brought a chaos with a chaos)

Pve:

High -quality missions are not lagging behind the plot in terms of execution level.It is not boring to play and even recall in them.I pumped almost all classes and all weapons, and this says a lot.

The dialogs of characters sometimes deliver, especially detection)",2024/11/19,ru
Kaspootin,1,9.6,https://steamcommunity.com/profiles/76561198069854992/,"Cool game, AAA version of Darktide or Vermintide",2024/11/20,en
Captain Canuck,1,96.4,https://steamcommunity.com/profiles/76561199103806825/,the peak of video games,2024/11/14,en
Fl4shOfDoom,1,10.4,https://steamcommunity.com/profiles/76561199790088694/,"I think this game is super good, especially for die -hard Warhammer fans this game is a must.
I think it's good that the game is easy to learn and the story captivates a mega.",2024/11/13,de
Tai Lung,1,3.5,https://steamcommunity.com/profiles/76561199371182087/,"I want to mechanize!
Trrrrum,
Trrrrum,
Trrrrum!
Put Trak Tiki!
I want to mechanize!
It comes from my brain, meat, my skeleton
This!
I'm crazy to get every dynamo under me!
Slice with saliva licks copper wires,
Conducting in my veins Auto-Diresters Locomotives!",2024/11/20,tr
fandx,1,24.3,https://steamcommunity.com/id/fandx/,"Warhammer 40K is a very interesting worldview. It is interesting to design a large number of brush games for this game (such as waiting for elevators, charging), you will actually feel that in the background of the 40K human empire, becauseThis empire is so stupid that it doesn't make sense (the trial court is above, I am a loyalist)
The design level and difficulty of the game mechanism are directly linked.In low difficulty, this is a rare feeling of rough mechanism to feedback. It is also suitable for multi -person online cool travel.Simple difficulty and friends who cut the grass with friends.
Compared with the gameplay mechanism itself, the weapon design of the single -player mode is still too thin. The main materials are stuffed in the cooperation mode, but the cooperation model is not interesting enough to support the degree of repeated brushing.
Nevertheless, looking at the details of 40K settings (and Grandpa Lan) everywhere, I think it is worth recommending.
It is not recommended to open the adaptive trigger function of the PS5 handle.",2024/11/17,zh-cn
